filename	authors	issue	volume	journal	issn	citation	3charcode	language	publisher	year
History_1a-rdf.tsv		7	55	CONGRESSIONAL QUARTERLY WEEKLY REPORT	0010-5910	(Uk)RN021398925	CONGRESSIONAL QUARTERLY WEEKLY REPORT 55(7), 436-437. (1997)	Substitute for Nuclear Tests Debated	xxu	eng	CONGRESSIONAL QUARTERLY INC	1997
History_1b-rdf.tsv	Herder, M.	3	31	JOURNAL OF MEDIEVAL HISTORY	0304-4181	(Uk)RN172628939	JOURNAL OF MEDIEVAL HISTORY 31(3), 231-242. (2005)	Substitute or subordinate? The role of a male procurator at a Benedictine women's monastery	ne	eng	Elsevier Science B.V., Amsterdam.	2005
History_1b-rdf.tsv	Perrie, M.	01-Apr	34	RUSSIAN HISTORY	0094-288X	(Uk)RN222792332	RUSSIAN HISTORY 34(1/4), 365-382	Substituted Tsareviches and Enemy Agents: The Case of Archimandrite Fedorit (1635-1636)	xxu	eng		
History_1b-rdf.tsv	Ansell, N.	5	40	ANTIPODE	0066-4812	(Uk)RN238711781	ANTIPODE 40(5), 802-824. (2008)	Substituting for Families? Schools and Social Reproduction in AIDS-affected Lesotho	xxk	eng	Blackwell Publishing Ltd	2008
History_1a-rdf.tsv	Waldrep, C.	4	82	JOURNAL OF AMERICAN HISTORY -BLOOMINGTON-	0021-8723	(Uk)RN005954368	JOURNAL OF AMERICAN HISTORY -BLOOMINGTON- 82(4), 1425-1451. (1996)	Substituting Law for the Lash: Emancipation and Legal Formalism in a Mississippi County Court	xxu	eng	THE ORGANIATION OF AMERICAN HISTORIANS	1996
History_2i-rdf.tsv	Tresset, A.	144		PROCEEDINGS- BRITISH ACADEMY	0068-1202	(Uk)RN221007704	PROCEEDINGS- BRITISH ACADEMY 144, 189-210. (2007)	Substitution of species, techniques and symbols at the Mesolithic-Neolithic transition in Western Europe	xxk	eng	OXFORD UNIVERSITY PRESS INC.	2007
History_2v-rdf.tsv	Otte, M.		2360	BAR INTERNATIONAL SERIES	0143-3067	(Uk)RN313032450	BAR INTERNATIONAL SERIES 2360, 97-107. (2012)	Substrats neolithiques aux arts traditionnels des Balkans	xxk	eng	TEMPUS REPARATSM	2012
History_3-rdf.tsv		21	49	CURRENT DIGEST OF THE POST SOVIET PRESS	1067-7542	(Uk)RN027914469	CURRENT DIGEST OF THE POST SOVIET PRESS 49(21), 25. (1997)	Subsumed Provinces Now Total Five	xxu	eng	CURRENT DIGEST OF THE SOVIET PRESS, INC.	1997
History_1a-rdf.tsv	Hammond, M.	1	31	JOURNAL OF ARABIC LITERATURE	0085-2376	(Uk)RN077879535	JOURNAL OF ARABIC LITERATURE 31(1), 38-58. (2000)	Subsuming the Feminine Other: Gender and Narration in Idw&unknown;ar al-Kharr&unknown;at's Y&unknown;a Ban&unknown;at Iskandariyya	ne	eng	E. J. BRILL	2000
History_3-rdf.tsv	Jackson, P.	3	84	SPECULUM -MASSACHUSETTS-	0038-7134	(Uk)RN254327371	SPECULUM -MASSACHUSETTS- 84(3), 781. (2009)	Subtelny, Maria E., Timurids in Transition: Turko-Persian Politics and Acculturation in Medieval Iran	xxu	eng	MEDIEVAL ACADEMY OF AMERICA	2009
History_1b-rdf.tsv	Sela, R.	2	68	JOURNAL OF ASIAN STUDIES -ANN ARBOR-	0021-9118	(Uk)RN252372270	JOURNAL OF ASIAN STUDIES -ANN ARBOR- 68(2), 626-627. (2009)	Subtelny, Timurids in Transition: Turko-Persian Politics and Acculturation in Medieval Iran	xxu	eng	CAMBRIDGE UNIVERSITY PRESS	2009
History_3-rdf.tsv	Lupul, M.	2	27	CANADIAN ETHNIC STUDIES	0008-3496	(Uk)RN024214849	CANADIAN ETHNIC STUDIES 27(2), 214. (1995)	Subtelny,Ukrainians in North America: An Illustrated History.; StebbinsThe Franco-Calgarians: French Language, Leisure, and Linguistic Life-style in an Anglophone City	xxc	eng	CANADIAN ETHNIC STUDIES ASSOCIATION	1995
History_2v-rdf.tsv	Falcon, R.		88	LATIN AMERICAN STUDIES- CENTRE FOR LATIN AMERICAN RESEARCH AND DOCUMENTATION		(Uk)RN145698337	LATIN AMERICAN STUDIES- CENTRE FOR LATIN AMERICAN RESEARCH AND DOCUMENTATION 88, 125-144. (2002)	Subterfugios y deferencias. Indigenas, pueblos y campesinos ante el segundo imperio	ne		CENTRE FOR LATIN AMERICAN RESEARCH DOCUMENTATION	2002
History_2v-rdf.tsv	Arratia, L. G.		1655	BAR INTERNATIONAL SERIES	0143-3067	(Uk)RN212578106	BAR INTERNATIONAL SERIES 1655, 69-74. (2007)	Subterranean Caves, Their Morphology and Archaeological Content: The Mortuary Caves in Coahuila, Mexico	xxk	eng	TEMPUS REPARATSM	2007
History_1b-rdf.tsv	Lees, A.	3	40	JOURNAL OF SOCIAL HISTORY	0022-4529	(Uk)RN206344190	JOURNAL OF SOCIAL HISTORY -BERKELEY THEN PITTSBURGH THEN FAIRFAX- 40(3), 760-761. (2007)	Subterranean Cities: The World Beneath Paris and London, 1800-1945. By David L. Pike	xxu	eng	CARNEGIE MELLON UNIVERSITY PRESS	2007
History_2v-rdf.tsv	Cattani, M.		2235	BAR INTERNATIONAL SERIES	0143-3067	(Uk)RN295488679	BAR INTERNATIONAL SERIES 2235, 137-147. (2011)	SUBTERRANEAN DWELLING STRUCTURES: NEW DATA BETWEEN ARCHAEOLOGY AND ETHNOARCHAEOLOGY	xxk		TEMPUS REPARATSM	2011
History_1a-rdf.tsv	Newell, M. E.	4	83	JOURNAL OF AMERICAN HISTORY -BLOOMINGTON-	0021-8723	(Uk)RN033762800	JOURNAL OF AMERICAN HISTORY -BLOOMINGTON- 83(4), 1346-1352. (1997)	Subterranean Electronic Blues; or, How a Former Technophobe Learned to Stop Worrying and Love Multimedia	xxu	eng	THE ORGANIATION OF AMERICAN HISTORIANS	1997
History_1b-rdf.tsv	Bednarek, J. R.	1	70	HISTORIAN -ALBUQUERQUE THEN ALLENTOWN-	0018-2370	(Uk)RN224502862	HISTORIAN -ALBUQUERQUE THEN ALLENTOWN- 70(1), 124-125. (2008)	Subterranean Fire: A History of Working-Class Radicalism in the United States - By Sharon Smith	xxu	eng	Blackwell Publishing Ltd	2008
History_1b-rdf.tsv	Edberg, R.	1	42	INTERNATIONAL JOURNAL OF NAUTICAL ARCHAEOLOGY	1057-2414	(Uk)RN326600362	INTERNATIONAL JOURNAL OF NAUTICAL ARCHAEOLOGY 42(1), 196-204. (2013)	Subterranean Maritime Archaeology in Sigtuna, Sweden: excavated evidence of Viking Age boat building and repair	xxk	eng	Springer Science + Business Media	2013
History_1b-rdf.tsv	Aldama, F. L.	3	41	LATIN AMERICAN RESEARCH REVIEW	0023-8791	(Uk)RN195698120	LATIN AMERICAN RESEARCH REVIEW 41(3), 201-209. (2006)	Subterranean Modernities and Phantasmal Nations: Some Questions and Observations	xxu	eng	UNIVERSITY OF NEW MEXICO	2006
History_1b-rdf.tsv	Rink, W. J.	4	40	JOURNAL OF ARCHAEOLOGICAL SCIENCE	0305-4403	(Uk)RN326960935	JOURNAL OF ARCHAEOLOGICAL SCIENCE 40(4), 2217-2226. (2013)	Subterranean transport and deposition of quartz by ants in sandy sites relevant to age overestimation in optical luminescence dating	xxk	eng	Elsevier Science B.V., Amsterdam	2013
History_2v-rdf.tsv	Steffens, G.		1227	BAR INTERNATIONAL SERIES	0143-3059	(Uk)RN150337859	BAR INTERNATIONAL SERIES 1227, 552-554. (2004)	Subterranean-Modelling From Plan to Computer Model - Entering the 3rd Dimension	xxk	eng	TEMPUS REPARATSM	2004
History_1a-rdf.tsv	ANDERSON, D.	2	33	EIGHTEENTH CENTURY STUDIES	0013-2586	(Uk)RN075311485	EIGHTEENTH CENTURY STUDIES 33(2), 233-250. (2000)	Subterraneous Virginia: The Ethical Poetics of Thomas Jefferson	xxu	eng	THE JOHNS HOPKINS UNIVERSITY PRESS	2000
History_2v-rdf.tsv	Forsythe, W.		57	OXFORD UNIVERSITY SCHOOL OF ARCHAEOLOGY MONOGRAPH		(Uk)RN145393600	OXFORD UNIVERSITY SCHOOL OF ARCHAEOLOGY MONOGRAPH 57, 133-138. (2003)	Subtidal Archaeological Investigations in Mombasa's old port	xxk	eng	OXFORD UNIVERSITY SCHOOL OF ARCHAEOLOGY	2003
History_2i-rdf.tsv	Popin, M.	32		MEDIEVALES -PARIS-	0751-2708	(Uk)RN032104060	MEDIEVALES -PARIS- 32, 47-58. (1997)	Subtilite est affaire de raison	fr	fre	PUV	1997
History_1b-rdf.tsv	Morris, C. B.	3	24	RENAISSANCE STUDIES	0269-1213	(Uk)RN270514960	RENAISSANCE STUDIES -OXFORD- SOCIETY FOR RENAISSANCE STUDIES- 24(3), 445-447. (2010)	Subtle Subversions. Reading Golden Age Sonnets by Iberian Women - By Gwyn Fox	xxk	eng	Blackwell Publishing Ltd	2010
History_4i-rdf.tsv		565		MIDDLE EAST INTERNATIONAL	0047-7249	(Uk)RN037114510	MIDDLE EAST INTERNATIONAL 565, 5. (1997)	Subtle US pressure	xxk	eng	MIDDLE EAST INTERNATIONAL (PUBLISHERS) LTD.	1997
History_2v-rdf.tsv	Heinz, W.		37	JOURNAL OF ROMAN ARCHAEOLOGY -SUPPLEMENTARY SERIES-	1063-4304	(Uk)RN085692203	JOURNAL OF ROMAN ARCHAEOLOGY -SUPPLEMENTARY SERIES- 37, 184-189. (1999)	Subtlety and ingenuity in architecture: the Roman spa of Badenweiler	xxu	eng	Journal of Roman Archaeology	1999
History_1a-rdf.tsv	Lyon, M. L.	2	29	JOURNAL OF SOUTHEAST ASIAN STUDIES	0022-4634	(Uk)RN055611981	JOURNAL OF SOUTHEAST ASIAN STUDIES 29(2), 417-418. (1998)	Subud and the Javanese Mystical Tradition. By Antoon Geels	my	eng	NATIONAL UNIVERSITY OF SINGAPORE	1998
History_4i-rdf.tsv	Bain, D.	134		ZEITSCHRIFT FUR PAPYROLOGIE UND EPIGRAPHIK	0084-5388	(Uk)RN095357260	ZEITSCHRIFT FUR PAPYROLOGIE UND EPIGRAPHIK 134, 70	Subuilicus, suppromus, subcustos, subBallio (Plaut. Pseud. 607)	gw	eng		
History_2v-rdf.tsv	Simpson, S.J.		1810	BAR INTERNATIONAL SERIES	0143-3067	(Uk)RN233384871	BAR INTERNATIONAL SERIES 1810, 65-78. (2008)	Suburb or slum? Excavations at Merv (Turkmenistan) and Observations on Stratigraphy, Refuse and Material Culture in a Sasanian City	xxk	eng	TEMPUS REPARATSM	2008
History_4i-rdf.tsv	Bray, D.	208		CHINA QUARTERLY -LONDON-	0305-7410	(Uk)RN305417383	CHINA QUARTERLY -LONDON- 208, 1053. (2011)	Suburban Beijing: Housing and Consumption in Contemporary China. By Friederike Fleischer	xxk	eng	Cambridge University Press	2011
History_1a-rdf.tsv	Thompson, W. H.	483	119	ENGLISH HISTORICAL REVIEW	0013-8266	(Uk)RN155322510	ENGLISH HISTORICAL REVIEW 119(483), 1098-1100. (2004)	Suburban Century: Social Change and Urban Growth in England and the USA	xxk	eng	Oxford University Press	2004
History_1b-rdf.tsv	Cowen, D.	3	6	SOCIAL AND CULTURAL GEOGRAPHY	1464-9365	(Uk)RN170005531	SOCIAL AND CULTURAL GEOGRAPHY 6(3), 335-356. (2005)	Suburban Citizenship? The rise of targeting and the eclipse of social rights in Toronto	xxk	eng	ROUTLEDGE	2005
History_1b-rdf.tsv	Sankey, D.	12	11	LONDON ARCHAEOLOGIST	0024-5984	(Uk)RN227593037	LONDON ARCHAEOLOGIST 11(12), 319-324. (2008)	SUBURBAN DEVELOPMENT IN WESTMINSTER: Excavations on the site of Caxton Hall	xxk	eng	LONDON ARCHAEOLOGIST ASSOCIATION	2008
History_1b-rdf.tsv	Dines, M.	4	46	JOURNAL OF AMERICAN STUDIES	0021-8758	(Uk)RN323535137	JOURNAL OF AMERICAN STUDIES 46(4), 959-975. (2012)	Suburban Gothic and the Ethnic Uncanny in Jeffrey Eugenides's The Virgin Suicides	xxk	eng	CAMBRIDGE UNIVERSITY PRESS	2012
History_1a-rdf.tsv	Taplin, D.	1	25	PUBLIC HISTORIAN	0272-3433	(Uk)RN130177839	PUBLIC HISTORIAN 25(1), 100-101. (2003)	Suburban Landscapes: Culture and Politics in a New York Metropolitan Community by Paul H. Mattingly	xxu	eng	UNIVERSITY OF CALIFORNIA	2003
History_2v-rdf.tsv	Guillery, P.		48	ARCHITECTURAL HISTORY	0066-622X	(Uk)RN175423113	ARCHITECTURAL HISTORY 48, 69-106. (2005)	SUBURBAN MODELS, OR CALVINISM AND CONTINUITY IN LONDON'S SEVENTEENTH-CENTURY CHURCH ARCHITECTURE	xxk	eng	SOCIETY OF ARCHITECTURAL HISTORIANS OF GREAT	2005
History_1a-rdf.tsv	Dunleavey, J.	3	32	LOCAL HISTORIAN -LONDON-	0024-5585	(Uk)RN118419716	LOCAL HISTORIAN -LONDON- 32(3), 178-195. (2002)	Suburban residential development 1880-1939: polite or vernacular architecture?	xxk	eng	BRITISH ASSOCIATION FOR LOCAL HISTORY	2002
History_2v-rdf.tsv	Dunleavey, J.		19	TRANSACTIONS- WORCESTERSHIRE ARCHAEOLOGICAL SOCIETY	0143-2389	(Uk)RN173960900	TRANSACTIONS- WORCESTERSHIRE ARCHAEOLOGICAL SOCIETY 19, 175-200	Suburban Residential Development in Worcestershire during the Bye-Law Period, 1866-1939	xxk	eng		
History_2i-rdf.tsv	Mabin, A.	57		TRANSFORMATION -DURBAN-	0258-7696	(Uk)RN169802670	TRANSFORMATION -DURBAN- 57, 41-63	Suburbanisation, segregation, and government of territorial transformations	sa	eng		
History_1b-rdf.tsv	Carney, E.	4	38	WESTERN HISTORICAL QUARTERLY	0043-3810	(Uk)RN222236033	WESTERN HISTORICAL QUARTERLY 38(4), 477-500	Suburbanizing Nature and Naturalizing Suburbanites: Outdoor-Living Culture and Landscapes of Growth	xxu	eng		
History_1b-rdf.tsv	Pohl, T.	4	84	BERICHTE ZUR DEUTSCHEN LANDESKUNDE	0005-9099	(Uk)RN287146812	BERICHTE ZUR DEUTSCHEN LANDESKUNDE 84(4), 329-348. (2010)	Suburbia als &ldquor;raumliche Falle&ldquor;? - Folgen der demographischen und sozialraumlichen Entwicklung von Grossstadten am Beispiel Hamburgs	gw	ger	SELBSTVERLAG ZENTRALAUSSCHUSS FUR DEUTSCHE LANDESKUNDE E.V.	2010
History_1b-rdf.tsv	Zipp, S.	4	36	REVIEWS IN AMERICAN HISTORY	0048-7511	(Uk)RN243504830	REVIEWS IN AMERICAN HISTORY 36(4), 594-601. (2008)	Suburbia and American Exceptionalism Robert A. Beauregard, When America Became Suburban	xxu	eng	THE JOHNS HOPKINS UNIVERSITY PRESS	2008
History_1a-rdf.tsv	Clapson, M.	SEP	51	HISTORY TODAY	0018-2753	(Uk)RN100475170	HISTORY TODAY 51(SEP), 16-18. (2001)	SUBURBIA AND PARTY POLITICS	xxk	eng	HISTORY TODAY LTD	2001
History_1a-rdf.tsv	Nicolaides, B. M.	1	18	MAGAZINE OF HISTORY	0882-228X	(Uk)RN139863999	MAGAZINE OF HISTORY 18(1), 21-26. (2003)	Suburbia and the Sunbelt	xxu	eng	ORGANIZATION OF AMERICAN HISTORIANS	2003
History_1a-rdf.tsv		21	55	CONGRESSIONAL QUARTERLY WEEKLY REPORT	0010-5910	(Uk)RN026316960	CONGRESSIONAL QUARTERLY WEEKLY REPORT 55(21), 1209-1211. (1997)	Suburbia Becoming a Growing Political Force	xxu	eng	CONGRESSIONAL QUARTERLY INC	1997
History_1b-rdf.tsv	Mcmanus, R.	2	34	URBAN HISTORY	0963-9268	(Uk)RN211379546	URBAN HISTORY 34(2), 317-337. (2007)	Suburbs in transition: new approaches to suburban history	xxk	eng	CAMBRIDGE UNIVERSITY PRESS	2007
History_2i-rdf.tsv	Sankaranarayanan, V.	103		MANUSHI	0257-7305	(Uk)RN048007922	MANUSHI 103, 11-13. (1997)	Subversion From Within: Three Rebels from Literature	ii	eng	MANUSHI	1997
History_1a-rdf.tsv	Schoenfeldt, M.	4	39	COMPARATIVE STUDIES IN SOCIETY AND HISTORY	0010-4175	(Uk)RN039799406	COMPARATIVE STUDIES IN SOCIETY AND HISTORY 39(4), 778-784. (1997)	Subversion or Collusion?: Revising Jacobean England	xxk	eng	CAMBRIDGE UNIVERSITY PRESS	1997
History_1b-rdf.tsv	Overpeck, D.	2	22	FILM HISTORY	0892-2160	(Uk)RN275304783	FILM HISTORY 22(2), 219-234. (2010)	Subversion, Desperation and Captivity: Pre-film Advertising in American Film Exhibition Since 1977	xxk	eng	JOHN LIBBEY &amp; COMPANY LTD	2010
History_1b-rdf.tsv	Alexander, N.	4	18	IRISH STUDIES REVIEW -BATH-	0967-0882	(Uk)RN282143213	IRISH STUDIES REVIEW -BATH- 18(4), 484-485. (2010)	Sub-versions: trans-national readings of modern Irish literature	xxk	eng	Taylor & Francis	2010
History_2i-rdf.tsv	Oliver, S.	95		FRENCH STUDIES BULLETIN	0262-2750	(Uk)RN172868883	FRENCH STUDIES BULLETIN 95, 2-7. (2005)	Subversive Acts: Female Voice and Performance in the Songs of the Trobairitz	xxk	eng	OXFORD UNIVERSITY PRESS	2005
History_3-rdf.tsv	Stan, L.	5	6	EUROPEAN LEGACY	1084-8770	(Uk)RN102970585	EUROPEAN LEGACY 6(5), 692. (2001)	Subversive Institutions: The Design and Destruction of Socialism and the State. By Valerie Bunce	xxk	eng	MIT PRESS	2001
History_1a-rdf.tsv	Bunce, V.	4	14	POST SOVIET AFFAIRS	1060-586X	(Uk)RN051786294	POST SOVIET AFFAIRS 14(4), 323-354. (1998)	Subversive Institutions: The End of the Soviet State in Comparative Perspective	xxu	eng	V. H. WINSTON & SON, INC.	1998
History_1a-rdf.tsv	Freeze, G. L.	2	68	JOURNAL OF MODERN HISTORY	0022-2801	(Uk)RN009666631	JOURNAL OF MODERN HISTORY 68(2), 308-350. (1996)	Subversive Piety: Religion and the Political Crisis in Late Imperial Russia	xxu	eng	THE UNIVERSITY OF CHICAGO PRESS	1996
History_1b-rdf.tsv	Scott, P.	2	60	FRENCH STUDIES	0016-1128	(Uk)RN186009044	FRENCH STUDIES 60(2), 177-190. (2006)	SUBVERSIVE REVISIONS IN THE WORK OF CHARLES DE BEYS	xxk	eng	Oxford University Press	2006
History_1b-rdf.tsv	Scales, R.P.	2	52	COMPARATIVE STUDIES IN SOCIETY AND HISTORY	0010-4175	(Uk)RN270928469	COMPARATIVE STUDIES IN SOCIETY AND HISTORY 52(2), 384-417. (2010)	Subversive Sound: Transnational Radio, Arabic Recordings, and the Dangers of Listening in French Colonial Algeria, 1934-1939	xxk	eng	CAMBRIDGE UNIVERSITY PRESS	2010
History_1b-rdf.tsv	Garcia, D.J.	3	19	FILM HISTORY	0892-2160	(Uk)RN218338719	FILM HISTORY 19(3), 213-227. (2007)	Subversive sounds: ethnic spectatorship and Boston's nickelodeon theatres, 1907-1914	xxk	eng	JOHN LIBBEY &amp; COMPANY LTD	2007
History_1a-rdf.tsv	Conner, M.	1	68	SOUTH ATLANTIC REVIEW	0277-335X	(Uk)RN135284067	SOUTH ATLANTIC REVIEW 68(1), 87-90. (2003)	Subversive Voices: Eroticizing the Other in William Faulkner and Toni Morrison by Evelyn Jaffe Schreiber	xxu	eng	SOUTH ATLANTIC MODERN LANGUAGE ASSOCIATION	2003
History_3-rdf.tsv	Grimsted, D.	1	35	JOURNAL OF INTERDISCIPLINARY HISTORY	0022-1953	(Uk)RN151181363	JOURNAL OF INTERDISCIPLINARY HISTORY 35(1), 154. (2004)	Subversives: Antislavery Community in Washington D.C., 1828-1865 by Stanley Harrold	xxu	eng	THE JOURNAL OF INTERDISCIPLINARY HISTORY	2004
History_1b-rdf.tsv	Konefal, B.	1	89	HISPANIC AMERICAN HISTORICAL REVIEW	0018-2168	(Uk)RN244269173	HISPANIC AMERICAN HISTORICAL REVIEW 89(1), 41-72. (2009)	Subverting Authenticity: Reinas Indigenas and the Guatemalan State, 1978	xxu	eng	Duke University Press	2009
History_3-rdf.tsv	Clayton, L. A.	2	36	JOURNAL OF INTERDISCIPLINARY HISTORY	0022-1953	(Uk)RN174596267	JOURNAL OF INTERDISCIPLINARY HISTORY 36(2), 302. (2005)	Subverting Colonial Authority: Challenges to Spanish Rule in Eighteenth-Century Southern Andes by Sergio Serulnikov	xxu	eng	THE JOURNAL OF INTERDISCIPLINARY HISTORY	2005
History_1a-rdf.tsv	Langer, E. D.	3	38	JOURNAL OF SOCIAL HISTORY	0022-4529	(Uk)RN166393760	JOURNAL OF SOCIAL HISTORY -BERKELEY THEN PITTSBURGH THEN FAIRFAX- 38(3), 829-830. (2005)	Subverting Colonial Authority: Challenges to Spanish Rule in Eighteenth-Century Southern Andes. By Sergio Serulnikov	xxu	eng	CARNEGIE MELLON UNIVERSITY PRESS	2005
History_1b-rdf.tsv	Wolf, S.	3	41	JOURNAL OF LATIN AMERICAN STUDIES	0022-216X	(Uk)RN257223796	JOURNAL OF LATIN AMERICAN STUDIES 41(3), 429-466. (2009)	Subverting Democracy: Elite Rule and the Limits to Political Participation in Post-War El Salvador	xxk	eng	CAMBRIDGE UNIVERSITY PRESS	2009
History_1a-rdf.tsv	Floyd-Thomas, S. M.	5	32	JOURNAL OF BLACK STUDIES	0021-9347	(Uk)RN113504894	JOURNAL OF BLACK STUDIES 32(5), 528-556. (2002)	Subverting Forced Identities, Violent Acts, and the Narrativity of Race: A Diasporic Analysis of Black Women's Radical Subjectivity in Three Novel Acts	xxu	eng	SAGE PUBLICATIONS LTD	2002
History_3-rdf.tsv	Kidd	441	111	ENGLISH HISTORICAL REVIEW	0013-8266	(Uk)RN007531096	ENGLISH HISTORICAL REVIEW 111(441), 486. (1996)	Subverting Scotland's Past. Scottish Whig Historians	xxk	eng	LONGMAN GROUP LIMITED	1996
History_1a-rdf.tsv	Faye, J.	2	25	AMERICAN INDIAN QUARTERLY	0095-182X	(Uk)RN109491457	AMERICAN INDIAN QUARTERLY 25(2), 270-273. (2001)	Subverting the Captor's Language: Teaching Native Science to Students of Western Science	xxu	eng	UNIVERSITY OF NEBRASKA PRESS	2001
History_1a-rdf.tsv	Schmidt, K.	1	7	STUDIES IN AMERICAN INDIAN LITERATURES -NEW SERIES-	0730-3238	(Uk)RN012114023	STUDIES IN AMERICAN INDIAN LITERATURES -NEW SERIES- 7(1), 65-76. (1995)	Subverting the Dominant Paradigm: Gerald Vizenor's Trickster Discourse		eng	ASSOCIATION FOR THE STUDY OF AMERICAN INDIAN LITERATURES	1995
History_1b-rdf.tsv	Rustomji, R.	1	35	AMERASIA JOURNAL	0044-7471	(Uk)RN254670787	AMERASIA JOURNAL 35(1), 2-19. (2009)	Subverting the Hierarchy/Collaborating Narratives	xxu	eng	UNIVERSITY OF CALIFORNIA	2009
History_2i-rdf.tsv	Banham, M.	78		BAYREUTH AFRICAN STUDIES SERIES	0178-0034	(Uk)RN190986881	BAYREUTH AFRICAN STUDIES SERIES 78, 45-48. (2006)	Subverting the Proscenium: A Brief Note on Femi Osofisan's Stagecraft	gw	eng	BAYREUTH AFRICAN STUDIES 38	2006
History_2i-rdf.tsv	Carlsen, J.	132		ZEITSCHRIFT FUR PAPYROLOGIE UND EPIGRAPHIK	0084-5388	(Uk)RN089282305	ZEITSCHRIFT FUR PAPYROLOGIE UND EPIGRAPHIK 132, 312-316	Subvilicus: Subagent or Assistant Bailiff?	gw	eng		
History_1a-rdf.tsv	Koszarski, R.	03-Apr	14	FILM HISTORY	0892-2160	(Uk)RN130685754	FILM HISTORY 14(3/4), 296-315. (2002)	Subway commandos: Hollywood filmmakers at the Signal Corps Photographic Center	xxk	eng	JOHN LIBBEY & COMPANY LTD	2002
History_3-rdf.tsv		3	40	SOUTH DAKOTA REVIEW	0038-3368	(Uk)RN122494433	SOUTH DAKOTA REVIEW 40(3), 155. (2002)	Subway Messengers (poem)	xxu	eng	UNIVERSITY OF SOUTH DAKOTA	2002
History_3-rdf.tsv	Albright, C. B.	2	24	ITALIAN AMERICANA	0096-8846	(Uk)RN190038705	ITALIAN AMERICANA 24(2), 232. (2006)	Subway Music by Reynold Joseph Paul Junker	xxu	eng	UNIVERSITY OF RHODE ISLAND	2006
History_1b-rdf.tsv	Pendleton, M.	3	31	JAPANESE STUDIES -ABINGDON-	1037-1397	(Uk)RN304039254	JAPANESE STUDIES -ABINGDON- 31(3), 359-371. (2011)	Subway to Street: Spaces of Traumatic Memory, Counter-memory and Recovery in post-Aum Tokyo	xxk	eng	Taylor & Francis	2011
History_2i-rdf.tsv	Lee, A.	58		CHINA JOURNAL -CANBERRA-	1324-9347	(Uk)RN214097186	CHINA JOURNAL -CANBERRA- 58, 31-58. (2007)	Subways as a Space of Cultural Intimacy: The Mass Rapid Transit System in Taipei, Taiwan	at	eng	CONTEMPORARY CHINA CENTRE, AUSTRALIA NATIONAL UNIV	2007
History_4i-rdf.tsv		526		MIDDLE EAST INTERNATIONAL	0047-7249	(Uk)RN008299602	MIDDLE EAST INTERNATIONAL 526, 13. (1996)	Success abroad	xxk	eng	MIDDLE EAST INTERNATIONAL (PUBLISHERS) LTD.	1996
History_1b-rdf.tsv	Makkawi, I.	1	33	ARAB STUDIES QUARTERLY	0271-3519	(Uk)RN286216766	ARAB STUDIES QUARTERLY 33(1), 44-61. (2011)	Success Against the Odds: Palestinian Female Students Outperform their Male Counterparts in Academic Achievement	xxu	eng	INSTITUTE OF ARAB STUDIES	2011
History_2i-rdf.tsv	Haigh, C.	173		PAST AND PRESENT -OXFORD-	0031-2746	(Uk)RN114803972	PAST AND PRESENT -OXFORD- 173, 28-49. (2001)	SUCCESS AND FAILURE IN THE ENGLISH REFORMATION	xxk	eng	OXFORD UNIVERSITY PRESS	2001
History_1b-rdf.tsv		2	90	PAPERS IN REGIONAL SCIENCE	1056-8190	(Uk)RN293333516	PAPERS IN REGIONAL SCIENCE 90(2), 313-329. (2011)	Success and failure of firms' innovation co-operations: The role of intermediaries and reciprocity We thank the Volkswagen Foundation for funding the research project -Second Order Innovations-. In particular, we would like to express our special thanks to our project partners Frank Beckenbach, Maria Daskalakis and Anne ter Wal for their co-operation and advice when gathering the questionnaire data of Kassel and Sophia Antipolis. Furthermore, we want to thank the Hans-Boeckler-Stiftung and the Thringer Kultusministerium for financing the scholarship of Tina Wolf and the German Science Foundation (DFG) for funding the position of Andreas Meder within the RTG 1411 -The Economics of Innovative Change-. For comments, suggestions and criticism, we thank the anonymous referees, the members of the doctoral program RTG 1411 -The Economics of Innovative Change- as well as the participants of the DIME workshop -Local and sectoral systems of innovations - Policy measures and possibilities- at the Philipps University Marburg, 19-20 November, 2008.	xxu	eng	Blackwell Publishing Ltd	2011
History_1b-rdf.tsv	Fell, D.	2	3	CHINA -WORLD SCIENTIFIC-	0219-7472	(Uk)RN177637048	CHINA -WORLD SCIENTIFIC- 3(2), 212-239. (2005)	Success and Failure of New Parties in Taiwanese Elections	cy	eng	WORLD SCIENTIFIC	2005
History_1a-rdf.tsv	Borus, D. H.	3	26	REVIEWS IN AMERICAN HISTORY	0048-7511	(Uk)RN050123819	REVIEWS IN AMERICAN HISTORY 26(3), 581-586. (1998)	Success and the Single Man - Judy Hilkey, Character is Capital: Success Manuals and Manhood in Gilded Age America	xxu	eng	THE JOHNS HOPKINS UNIVERSITY PRESS	1998
History_4i-rdf.tsv		127		KENT ARCHAEOLOGICAL REVIEW	0023-0014	(Uk)RN020050044	KENT ARCHAEOLOGICAL REVIEW 127, 163. (1997)	Success at Crofton Roman Villa, Orpington	xxk	eng	COUNCIL FOR KENTISH ARCHAEOLOGY	1997
History_1a-rdf.tsv	Dai, Z.	11	47	CHINA TODAY -BEIJING- CHINA WELFARE INSTITUTE-	1003-0905	(Uk)RN053809959	CHINA TODAY -BEIJING- CHINA WELFARE INSTITUTE- 47(11), 41-43. (1998)	Success of ChiNT Group	ch	eng	THE CHINA WELFARE INSTITUTE IN ENGLISH	1998
History_3-rdf.tsv	Gibbs, D. N.	1	39	JOURNAL OF MODERN AFRICAN STUDIES	0022-278X	(Uk)RN094469284	JOURNAL OF MODERN AFRICAN STUDIES 39(1), 185. (2001)	Success or Failure? The UN Intervention in the Congo after Independence by ERIC S. PACKHAM	xxk	eng	CAMBRIDGE UNIVERSTIY PRESS	2001
History_1a-rdf.tsv	Le May, K.	4	26	PROCEEDINGS- HUGUENOT SOCIETY OF GREAT BRITAIN AND IRELAND	0309-8346	(Uk)RN014430076	PROCEEDINGS- HUGUENOT SOCIETY OF GREAT BRITAIN AND IRELAND 26(4), 490-499. (1996)	Success to failure: a late arrivals' trajectory - the Galiegues of Spitalfields	xxk	eng	HUGUENOT SOCIETY OF GREAT BRITAIN AND IRELAND	1996
History_3-rdf.tsv	Walkowitz, D. J.	1	38	LABOR HISTORY	0023-656X	(Uk)RN024860541	LABOR HISTORY 38(1), 118. (1997)	Success While Others Fail: Social Movement Unionism and the Public Workplace, by Paul Johnson	xxu	eng	TAMIMENT INSTITUTE	1997
History_3-rdf.tsv	Draper, A.	3	36	LABOR HISTORY	0023-656X	(Uk)ZT003344939	LABOR HISTORY 36(3), 489. (1995)	Success While Others Fail: Social Movement Unionism and the Public Workplace, by Paul Johnston	xxu		TAMIMENT INSTITUTE	1995
History_1b-rdf.tsv	Bozorgmehr, M.	1	44	IRANIAN STUDIES	0021-0862	(Uk)RN282884263	IRANIAN STUDIES 44(1), 3-24. (2011)	Success(ion): Second-Generation Iranian Americans		eng	Taylor & Francis	2011
History_1a-rdf.tsv	Engle, S. D.	4	96	REGISTER- KENTUCKY HISTORICAL SOCIETY	0023-0243	(Uk)RN075124387	REGISTER- KENTUCKY HISTORICAL SOCIETY 96(4), 315-350. (1998)	Success, Failure, and the Guillotine: Don Carlos Buell and the Campaign for the Bluegrass State	xxu	eng	KENTUCKY HISTORICAL SOCIETY	1998
History_1a-rdf.tsv		5	19	INSIDE CHINA MAINLAND	0250-961X	(Uk)RN025742758	INSIDE CHINA MAINLAND 19(5), 13-15. (1997)	Success, Failure, and the Reign of Deng Xiaoping	cc	eng	INSTITUTE OF CURRENT CHINA STUDIES	1997
History_1b-rdf.tsv	Benziman, G.	2	70	SOUTH ATLANTIC REVIEW	0277-335X	(Uk)RN179996613	SOUTH ATLANTIC REVIEW 70(2), 20-40. (2005)	Success, Law, and the Law of Success: Reevaluating Death of a Salesman's Treatment of the American Dream	xxu	eng	SOUTH ATLANTIC MODERN LANGUAGE ASSOCIATION	2005
History_1b-rdf.tsv	KANSTEINER, W.	2	48	HISTORY AND THEORY	0018-2656	(Uk)RN249839200	HISTORY AND THEORY 48(2), 25-53. (2009)	SUCCESS, TRUTH, AND MODERNISM IN HOLOCAUST HISTORIOGRAPHY: READING SAUL FRIEDLANDER THIRTY-FIVE YEARS AFTER THE PUBLICATION OF METAHISTORY	xxu	eng	Blackwell Publishers Ltd	2009
History_1a-rdf.tsv	Huber, E.	3	39	LATIN AMERICAN RESEARCH REVIEW	0023-8791	(Uk)RN158256769	LATIN AMERICAN RESEARCH REVIEW 39(3), 150-164. (2004)	Successes and Failures of Neoliberalism	xxu	eng	UNIVERSITY OF NEW MEXICO	2004
History_3-rdf.tsv		15	49	CURRENT DIGEST OF THE POST SOVIET PRESS	1067-7542	(Uk)RN025927011	CURRENT DIGEST OF THE POST SOVIET PRESS 49(15), 20. (1997)	Successes, Failures in War Against Drugs Tallied	xxu	eng	CURRENT DIGEST OF THE SOVIET PRESS, INC.	1997
History_1b-rdf.tsv	Bennich-Bjorkman, L.	1	43	JOURNAL OF BALTIC STUDIES	0162-9778	(Uk)RN307673319	JOURNAL OF BALTIC STUDIES 43(1), 47-73. (2012)	Successful But Different: Deliberative Identity and the Consensus-Driven Transition to Capitalism in Estonia and Slovenia	xxu	eng	Taylor & Francis	2012
History_1b-rdf.tsv	Jensen, K.	3	58	SCANDINAVIAN ECONOMIC HISTORY REVIEW	0358-5522	(Uk)RN281689081	SCANDINAVIAN ECONOMIC HISTORY REVIEW 58(3), 220-238. (2010)	Successful strategy leading to lock-in - lessons from the Danish garment industry, 1960 to 2000	dk	eng	Taylor & Francis	2010
History_3-rdf.tsv	Long, D. E.	2	56	MIDDLE EAST JOURNAL	0026-3141	(Uk)RN113039061	MIDDLE EAST JOURNAL 56(2), 346. (2002)	Succession in Saudi Arabia, by Joseph A. Kechichian	xxu	eng	INDIANA UNIVERSITY PRESS	2002
History_1a-rdf.tsv	Bachman, D.	1	15	JOURNAL OF NORTHEAST ASIAN STUDIES	0738-7997	(Uk)RN008667329	JOURNAL OF NORTHEAST ASIAN STUDIES 15(1), 89-106. (1996)	Succession, Consolidation, and Transition in China's Future	xxu	eng	TRANSACTION PERIODICALS CONSORTIUM	1996
History_2i-rdf.tsv		729		HISTORIA -PARIS-	0018-2281	(Uk)RN223367456	HISTORIA -PARIS- 729, 16-19. (2007)	Succession: celui qui legue et celui qui herite	fr	fre	PUBLICATIONS WILLY FISCHER	2007
History_4i-rdf.tsv	Gaulme, F.	173		MONDE ARABE MEGHREB MACHREK	1241-5294	(Uk)RN106220451	MONDE ARABE MAGHREB MACHREK 173, 3. (2001)	Successions politiques et reformes	fr	eng	LA DOCUMENTATION FRANCAISE	2001
History_2i-rdf.tsv	Akacem, M.	2018		JEUNE AFRIQUE	0021-6089	(Uk)RN067031714	JEUNE AFRIQUE 2018, 24-25. (1999)	Successions. Et si les autocrates passaient la main...	fr	fre	HEBDOMADAIRE INTERNATIONAL INDEPENDANT	1999
History_2i-rdf.tsv	Kefi, R.	2066/2067		JEUNE AFRIQUE INTELLIGENT		(Uk)RN082738678	JEUNE AFRIQUE INTELLIGENT 2066/2067, 72-75. (2000)	Successions. Toi aussi, tu seras president, mon fils	fr	fre	UNKNOWN	2000
History_1b-rdf.tsv	Cann, J. H.	2	16	HOLOCENE -SEVENOAKS-	0959-6836	(Uk)RN184443375	HOLOCENE -SEVENOAKS- 16(2), 224-234. (2006)	Successive foraminiferal faunas and inferred palaeoenvironments associated with the postglacial (Holocene) marine transgression, Gulf St Vincent, South Australia	xxk	eng	HODDER HEADLINE GROUP	2006
History_1b-rdf.tsv	HEDLUND, S.	2	67	RUSSIAN REVIEW -STANFORD THEN COLUMBUS-	0036-0341	(Uk)RN225080208	RUSSIAN REVIEW -STANFORD THEN COLUMBUS- 67(2), 187-208. (2008)	Such a Beautiful Dream: How Russia Did Not Become a Market Economy	xxu	eng	Blackwell Publishing Ltd	2008
History_2v-rdf.tsv	Sulev, M.		115	CORNELL EAST ASIA SERIES	1050-2955	(Uk)RN142239216	CORNELL EAST ASIA SERIES 115, 96-102. (2003)	Such a Beautiful Sunday	xxu	eng	CORNELL UNIVERSITY	2003
History_4v-rdf.tsv	Yunwei, K.		115	CORNELL EAST ASIA SERIES	1050-2955	(Uk)RN142239200	CORNELL EAST ASIA SERIES 115, 95. (2003)	Such a Beautiful Sunday	xxu	eng	CORNELL UNIVERSITY	2003
History_1a-rdf.tsv	Henderson, S.	4	41	SOUTH DAKOTA REVIEW	0038-3368	(Uk)RN147569580	SOUTH DAKOTA REVIEW 41(4), 138-149. (2003)	Such a Small Lie at the Time (story)	xxu	eng	UNIVERSITY OF SOUTH DAKOTA	2003
History_3-rdf.tsv	Troy, G.	1	25	CANADIAN REVIEW OF AMERICAN STUDIES	0007-7720	(Uk)ZT001809362	CANADIAN REVIEW OF AMERICAN STUDIES 25(1), 45. (1995)	'Such Insulting Trash and Triviality'	xxc		UNIVERSITY OF CALGARY PRESS	1995
History_3-rdf.tsv	Ansell, M.	1	70	NEW MEXICO HISTORICAL REVIEW	0028-6206	(Uk)ZT000299029	NEW MEXICO HISTORICAL REVIEW 70(1), 47. (1995)	Such is Luck: The Mining Career of Edward L. Doheny in New Mexico, 1880-1891	xxu		UNIVERSITY OF NEW MEXICO	1995
History_1b-rdf.tsv	RINE, H.	4	73	HISTORIAN -ALBUQUERQUE THEN ALLENTOWN-	0018-2370	(Uk)RN303231522	HISTORIAN -ALBUQUERQUE THEN ALLENTOWN- 73(4), 705-729. (2011)	-Such Splendid Country,- The Esopus Region, a Multi-Ethnic Colonial Landscape on the Hudson River, 1652-1670	xxu	eng	Blackwell Publishing Ltd	2011
History_2i-rdf.tsv	THOMAS, V.	57		CAHIERS ELISABETHAINS	0184-7678	(Uk)RN077192657	CAHIERS ELISABETHAINS 57, 95-104. (2000)	Such Sweet Thunder': Aspects of the Royal Shakespeare Company's 1999 Summer Season	fr	eng	LATE MEDIEVAL AND RENAISSANCE ENGLISH STUDIES	2000
History_1a-rdf.tsv	Warner, D. A.	1	76	SPECULUM -MASSACHUSETTS-	0038-7134	(Uk)RN090218542	SPECULUM -MASSACHUSETTS- 76(1), 233-234. (2001)	Suchan, Monika, Konigsherrschaft im Streit: Konfliktaustragung in der Regierungszeit Heinrichs IV. zwischen Gewalt, Gesprach und Schriftlichkeit	xxu	eng	MEDIEVAL ACADEMY OF AMERICA	2001
History_2i-rdf.tsv	Hirdina, K.	44		GERMAN MONITOR	0927-1910	(Uk)RN061877137	GERMAN MONITOR 44, 189-206. (1999)	Suchanzeige: Ironisches in der Autobiografie Guenter de Bruyns	ne	ger	RODOPI	1999
History_1b-rdf.tsv	Konradova, N.'j.	6	57	OSTEUROPA -STUTTGART- DEUTSCHE VERLAGS ANSTALT-	0030-6428	(Uk)RN217898709	OSTEUROPA -STUTTGART- DEUTSCHE VERLAGS ANSTALT- 57(6), 421-430. (2007)	Suche nach der Form Gulag-Denkmaler in Russland	gw	ger	DEUTSCHE VERLAGS-ANSTALT GMBH	2007
History_1b-rdf.tsv	Ng, W.C.	2	18	CHINA REVIEW INTERNATIONAL	1069-5834	(Uk)RN319484850	CHINA REVIEW INTERNATIONAL 18(2), 166-172. (2011)	Sucheng Chan and Madeline Y. Hsu, editors, Chinese Americans and the Politics of Race and Culture; Min Zhou, Contemporary Chinese America: Immigration, Ethnicity, and Community Transformation; David Chuenyan Lai, Chinese Community Leadership: Case Study of Victoria in Canada	xxu		UNIVERSITY OF HAWAII PRESS	2011
History_3-rdf.tsv	Joe, K. A.	3	2	CHINA REVIEW INTERNATIONAL	1069-5834	(Uk)ZT003308649	CHINA REVIEW INTERNATIONAL 2(3), 412. (1995)	Sucheng Chan, Entry Denied: Exclusion and the Chinese Community in America, 1882-1943	xxu		UNIVERSITY OF HAWAII PRESS	1995
History_1a-rdf.tsv	Joe, K. A.	2	2	CHINA REVIEW INTERNATIONAL	1069-5834	(Uk)RN038697444	CHINA REVIEW INTERNATIONAL 2(2), 412-414. (1995)	Sucheng Chan, Entry Denied: Exclusion and the Chinese Community in America, 1882-1943	xxu	eng	UNIVERSITY OF HAWAII PRESS	1995
History_1a-rdf.tsv	Bray, F.	1	7	CHINA REVIEW INTERNATIONAL	1069-5834	(Uk)RN078841898	CHINA REVIEW INTERNATIONAL 7(1), 155-160. (2000)	Sucheta Mazumdar, Sugar and Society in China: Peasants, Technology, and the World Market	xxu	eng	UNIVERSITY OF HAWAII PRESS	2000
History_1a-rdf.tsv	Pynsent, R. B.	4	74	SLAVONIC AND EAST EUROPEAN REVIEW	0037-6795	(Uk)RN016556907	SLAVONIC AND EAST EUROPEAN REVIEW 74(4), 731-733. (1996)	Suchomel, Milan. Literatura z casu krize. Sest pohledu na ceskou prozu 1958-1967	xxk		W. S. MANEY & SON LTD	1996
History_3-rdf.tsv	Ruddy, T. M.	4	89	JOURNAL OF AMERICAN HISTORY -BLOOMINGTON-	0021-8723	(Uk)RN128346697	JOURNAL OF AMERICAN HISTORY -BLOOMINGTON- 89(4), 1560. (2003)	Suchoples, Finland and the United States, 1917-1919: Early Years of Mutual Relations	xxu	eng	THE ORGANIATION OF AMERICAN HISTORIANS	2003
History_1a-rdf.tsv	McFadden, D. W.	1	25	INTERNATIONAL HISTORY REVIEW	0707-5332	(Uk)RN128991931	INTERNATIONAL HISTORY REVIEW 25(1), 175-176. (2003)	SUCHOPLES, JAROSLAW. Finland and the United States, 1917-1919: The Early Years of Mutual Relations, trans. Tadeuz Z. Wolanski	xxc	eng	INTERNATIONAL HISTORY REVIEW	2003
History_2v-rdf.tsv	Bray, D. A.		14	PERITIA	0332-1592	(Uk)RN095979622	PERITIA -GALWAY THEN CORK- 14, 282-296	Sucking at the breast of Christ: a spiritual lesson in an Irish hagiographical motif	xxk	eng		
History_2i-rdf.tsv	Hagihara, D.	602		JOURNAL OF JAPANESE HISTORY	0386-8850	(Uk)RN323313203	JOURNAL OF JAPANESE HISTORY 602, 72-80. (2012)	SUDA Makiko, Medieval Relation between Japan and Korea and the Ohuchis	ja		THE JAPANESE SOCIETY FOR HISTORICAL STUDIES	2012
History_1a-rdf.tsv	MALM, W. P.	1	26	JOURNAL OF JAPANESE HISTORY	0095-6848	(Uk)RN076981796	JOURNAL OF JAPANESE STUDIES -SEATTLE- 26(1), 173-175. (2000)	Suda, Daijo, and Rausch, The Birth of Tsugaru Shamisen Music: The Origin and Development of a Japanese Folk Performing Art	xxu	eng	THE JOURNAL OF JAPANESE STUDIES	2000
History_1a-rdf.tsv	Fischer, R. A.	3	38	INTERNATIONALES AFRIKAFORUM	0020-9430	(Uk)RN119084246	INTERNATIONALES AFRIKAFORUM 38(3), 271-276. (2002)	Sudafrika oder: Gedanken zur Entwicklungsorientierung	gw	ger	WELTFORUM VERLAG	2002
History_2i-rdf.tsv	Engel, U.	420		AFRICAN AFFAIRS -LONDON- ROYAL AFRICAN SOCIETY-	0001-9909	(Uk)RN192851840	AFRICAN AFFAIRS -LONDON- ROYAL AFRICAN SOCIETY- 420, 476-477. (2006)	Sudafrikas neue Elite: Die Pragung der ANC-Fuhrung durch das Exil, by Hans-Georg Schleicher. Hamburg: Institut fur Afrika-Kunde, 2004. 367 pp. 22 paperback. ISBN 3-928049-89-5 (paperback).	xxk	eng	Oxford University Press	2006
History_4i-rdf.tsv		759		MIDDLE EAST INTERNATIONAL	0047-7249	(Uk)RN175373571	MIDDLE EAST INTERNATIONAL 759, 20. (2005)	Sudan - A government of national unity is finally formed, with most of the key posts awarded to NCP hard-liners	xxk	eng	MIDDLE EAST INTERNATIONAL (PUBLISHERS) LTD.	2005
History_1b-rdf.tsv	Plaut, M.	4	66	WORLD TODAY	0043-9134	(Uk)RN268375409	WORLD TODAY -LONDON- OXFORD UNIVERSITY PRESS THEN THE ROYAL INSTITUTE OF INTERNATIONAL AFFAIRS- 66(4), 21-23	SUDAN - ELECTIONS AND BEYOND: Polling in a Powder Keg	xxk	eng		
History_2i-rdf.tsv		750		MIDDLE EAST INTERNATIONAL	0047-7249	(Uk)RN167709070	MIDDLE EAST INTERNATIONAL 750, 17-18. (2005)	Sudan - Implementation of the CPA continues despite the mounting violence across Northern Sudan	xxk	eng	MIDDLE EAST INTERNATIONAL (PUBLISHERS) LTD.	2005
History_2i-rdf.tsv		733		MIDDLE EAST INTERNATIONAL	0047-7249	(Uk)RN155712830	MIDDLE EAST INTERNATIONAL 733, 12-13. (2004)	Sudan - UN Special Envoy, Jan Pronk, offers only more opportunity for deliberation in the face of a worsening situation in Darfur	xxk	eng	MIDDLE EAST INTERNATIONAL (PUBLISHERS) LTD.	2004
History_4i-rdf.tsv		707		MIDDLE EAST INTERNATIONAL	0047-7249	(Uk)RN136403785	MIDDLE EAST INTERNATIONAL 707, 23. (2003)	Sudan - Will the peace talks in Kenya ever get going again? The latest extension takes them into the fighting season	xxk	eng	MIDDLE EAST INTERNATIONAL (PUBLISHERS) LTD.	2003
History_4i-rdf.tsv		723		MIDDLE EAST INTERNATIONAL	0047-7249	(Uk)RN148556713	MIDDLE EAST INTERNATIONAL 723, 23. (2004)	Sudan A framework agreement for the South finally appears in sight as a temporary humanitarian cease-fire is established in Darfur	xxk	eng	MIDDLE EAST INTERNATIONAL (PUBLISHERS) LTD.	2004
History_2i-rdf.tsv		734		MIDDLE EAST INTERNATIONAL	0047-7249	(Uk)RN156327590	MIDDLE EAST INTERNATIONAL 734, 21-23. (2004)	Sudan A further resolution takes the Security Council yet another step towards a yet unknown course of action	xxk	eng	MIDDLE EAST INTERNATIONAL (PUBLISHERS) LTD.	2004
History_2i-rdf.tsv		690		MIDDLE EAST INTERNATIONAL	0047-7249	(Uk)RN123841372	MIDDLE EAST INTERNATIONAL 690, 20-21. (2002)	Sudan A key rebel commander switches sides (again) in the civil war. A campaign of violence comes to light in Darfur	xxk	eng	MIDDLE EAST INTERNATIONAL (PUBLISHERS) LTD.	2002
History_4i-rdf.tsv		692		MIDDLE EAST INTERNATIONAL	0047-7249	(Uk)RN125494092	MIDDLE EAST INTERNATIONAL 692, 20. (2003)	Sudan A new government offensive in Western Upper Nile raises questions about the international cease-fire monitors	xxk	eng	MIDDLE EAST INTERNATIONAL (PUBLISHERS) LTD.	2003
History_2i-rdf.tsv		695		MIDDLE EAST INTERNATIONAL	0047-7249	(Uk)RN127489853	MIDDLE EAST INTERNATIONAL 695, 22-23. (2003)	Sudan A new rebel group is formed to take on Khartoum's declining writ in the western region of Darfur	xxk	eng	MIDDLE EAST INTERNATIONAL (PUBLISHERS) LTD.	2003
History_4i-rdf.tsv		737		MIDDLE EAST INTERNATIONAL	0047-7249	(Uk)RN158299419	MIDDLE EAST INTERNATIONAL 737, 26. (2004)	Sudan A Security Council meeting in Nairobi promises to keep the pressure on all sides	xxk	eng	MIDDLE EAST INTERNATIONAL (PUBLISHERS) LTD.	2004
History_4i-rdf.tsv		672		MIDDLE EAST INTERNATIONAL	0047-7249	(Uk)RN111295165	MIDDLE EAST INTERNATIONAL 672, 22. (2002)	Sudan A series of diplomatic gains boosts the rebel SPLA	xxk	eng	MIDDLE EAST INTERNATIONAL (PUBLISHERS) LTD.	2002
History_4i-rdf.tsv		730		MIDDLE EAST INTERNATIONAL	0047-7249	(Uk)RN153308080	MIDDLE EAST INTERNATIONAL 730, 20. (2004)	Sudan A speedy resolution of the Darfur crisis looks unlikely while negotiations for a comprehensive cease-fire for the South also hit the rocks	xxk	eng	MIDDLE EAST INTERNATIONAL (PUBLISHERS) LTD.	2004
History_4i-rdf.tsv		720		MIDDLE EAST INTERNATIONAL	0047-7249	(Uk)RN146039223	MIDDLE EAST INTERNATIONAL 720, 21. (2004)	Sudan A UN relief mission comes under militia attack. The Darfur rebels appear to be spreading their area of influence	xxk	eng	MIDDLE EAST INTERNATIONAL (PUBLISHERS) LTD.	2004
History_4i-rdf.tsv		665		MIDDLE EAST INTERNATIONAL	0047-7249	(Uk)RN106679411	MIDDLE EAST INTERNATIONAL 665, 21. (2001)	Sudan A vociferous domestic campaign seems to have inspired Washington to increase its interest in the country. But its new special envoy seems interested only in tinkering with its problems	xxk	eng	MIDDLE EAST INTERNATIONAL (PUBLISHERS) LTD.	2001
History_2i-rdf.tsv		757		MIDDLE EAST INTERNATIONAL	0047-7249	(Uk)RN173613269	MIDDLE EAST INTERNATIONAL 757, 28-31. (2005)	Sudan after Garang	xxk	eng	MIDDLE EAST INTERNATIONAL (PUBLISHERS) LTD.	2005
History_2i-rdf.tsv		729		MIDDLE EAST INTERNATIONAL	0047-7249	(Uk)RN152556133	MIDDLE EAST INTERNATIONAL. 729, 16-17. (2004)	Sudan After stern warnings and solemn pledges to disarm the Janjawid, Khartoum again manages to avoid immediate sanctions	xxk	eng	MIDDLE EAST INTERNATIONAL (PUBLISHERS) LTD.	2004
History_1a-rdf.tsv	Ronen, Y.	3	39	MIDDLE EASTERN STUDIES	0026-3206	(Uk)RN134151077	MIDDLE EASTERN STUDIES 39(3), 81-98. (2003)	Sudan and Egypt: The Swing of the Pendulum (1989-2001)	xxk	eng	FRANK CASS & CO LTD	2003
History_1b-rdf.tsv	Khadhouri, S.	7	61	WORLD TODAY	0043-9134	(Uk)RN169965753	WORLD TODAY -LONDON- OXFORD UNIVERSITY PRESS THEN THE ROYAL INSTITUTE OF INTERNATIONAL AFFAIRS- 61(7), 18-20	SUDAN AND THE INTERNATIONAL CRIMINAL COURT Abusers Face Justice	xxk	eng		
History_2i-rdf.tsv		660		MIDDLE EAST INTERNATIONAL	0047-7249	(Uk)RN102978274	MIDDLE EAST INTERNATIONAL 660, 28-29. (2001)	Sudan and the US: a farce in three acts	xxk	eng	MIDDLE EAST INTERNATIONAL (PUBLISHERS) LTD.	2001
History_4i-rdf.tsv		685		MIDDLE EAST INTERNATIONAL	0047-7249	(Uk)RN120540373	MIDDLE EAST INTERNATIONAL 685, 19. (2002)	Sudan As fierce fighting erupts along the Eritrean border and government forces retake Torit, few people expect peace to emerge from the Machakos talks	xxk	eng	MIDDLE EAST INTERNATIONAL (PUBLISHERS) LTD.	2002
History_4i-rdf.tsv		713		MIDDLE EAST INTERNATIONAL	0047-7249	(Uk)RN141014181	MIDDLE EAST INTERNATIONAL 713, 22. (2003)	Sudan As negotiations look set to fall behind schedule there is growing concern over Darfur	xxk	eng	MIDDLE EAST INTERNATIONAL (PUBLISHERS) LTD.	2003
History_2i-rdf.tsv		735		MIDDLE EAST INTERNATIONAL	0047-7249	(Uk)RN157065797	MIDDLE EAST INTERNATIONAL 735, 23-223. (2004)	Sudan As the government approaches three separate peace talks, it still seems unready for any constructive engagement	xxk	eng	MIDDLE EAST INTERNATIONAL (PUBLISHERS) LTD.	2004
History_2i-rdf.tsv		675		MIDDLE EAST INTERNATIONAL	0047-7249	(Uk)RN113157460	MIDDLE EAST INTERNATIONAL 675, 20-21. (2002)	Sudan Civilians continue to come under government fire in the oil zone, while a failure of relief efforts undermines the cease-fire in the Nuba Mountains	xxk	eng	MIDDLE EAST INTERNATIONAL (PUBLISHERS) LTD.	2002
History_4i-rdf.tsv		760		MIDDLE EAST INTERNATIONAL	0047-7249	(Uk)RN175966418	MIDDLE EAST INTERNATIONAL 760, 20. (2005)	Sudan Conditions on the ground across the South continue to deteriorate while the crisis in Darfur deepens	xxk	eng	MIDDLE EAST INTERNATIONAL (PUBLISHERS) LTD.	2005
History_2i-rdf.tsv		748		MIDDLE EAST INTERNATIONAL	0047-7249	(Uk)RN166307569	MIDDLE EAST INTERNATIONAL 748, 18-19. (2005)	Sudan Continuing uncertainty over implementation of the peace-process	xxk	eng	MIDDLE EAST INTERNATIONAL (PUBLISHERS) LTD.	2005
History_2v-rdf.tsv	Amin, H.		64	AFRICAN STUDIES -LEWISTON-		(Uk)RN126325824	AFRICAN STUDIES -LEWISTON- 64, 320-358. (2002)	Sudan Criminal Law	xxu	eng	EDWIN MELLEN PRESS	2002
History_2i-rdf.tsv		741		MIDDLE EAST INTERNATIONAL	0047-7249	(Uk)RN161659999	MIDDLE EAST INTERNATIONAL 741, 19-22. (2005)	Sudan Despite a new agreement, progress towards peace in the South continues to be threatened by increasing unrest in the North	xxk	eng	MIDDLE EAST INTERNATIONAL (PUBLISHERS) LTD.	2005
History_1b-rdf.tsv	Warburg, G.	4	47	MIDDLE EASTERN STUDIES	0026-3206	(Uk)RN295452972	MIDDLE EASTERN STUDIES 47(4), 675-682. (2011)	Sudan during the Mahdist State	xxk	eng	Taylor & Francis	2011
History_4i-rdf.tsv		539		MIDDLE EAST INTERNATIONAL	0047-7249	(Uk)RN017730046	MIDDLE EAST INTERNATIONAL 539, 13. (1996)	Sudan gains time	xxk	eng	MIDDLE EAST INTERNATIONAL (PUBLISHERS) LTD.	1996
History_3-rdf.tsv	Ottaway, M.	2	47	AFRICA TODAY	0001-9887	(Uk)RN086418745	AFRICA TODAY -BLOOMINGTON- 47(2), 178. (2000)	Sudan in Crisis, G. Norman Anderson	xxu	eng	GRADUATE SCHOOL FOR INTERNATIONAL STUDIES	2000
History_1a-rdf.tsv	Sharkey, H. J.	1	5	JOURNAL OF NORTH AFRICAN STUDIES	1362-9387	(Uk)RN094823626	JOURNAL OF NORTH AFRICAN STUDIES 5(1), 173-175. (2000)	Sudan in Crisis: The Failure of Democracy By G. Norman Anderson The Sudan: Contested National Identities By Ann Mosely Lesch	xxk	eng	FRANK CASS	2000
History_3-rdf.tsv	Woodward, P.	4	38	JOURNAL OF MODERN AFRICAN STUDIES	0022-278X	(Uk)RN090698692	JOURNAL OF MODERN AFRICAN STUDIES 38(4), 713. (2000)	Sudan in Crisis: the failure of democracy by G. NORMAN ANDERSON	xxk	eng	CAMBRIDGE UNIVERSTIY PRESS	2000
History_3-rdf.tsv	Anderson, G. N.	1	54	MIDDLE EAST JOURNAL	0026-3141	(Uk)RN073945720	MIDDLE EAST JOURNAL 54(1), 137. (2000)	Sudan in Crisis: The Failure of Democracy	xxu	eng	INDIANA UNIVERSITY PRESS	2000
History_3-rdf.tsv	Mantzikos, I.	4	48	JOURNAL OF MODERN AFRICAN STUDIES	0022-278X	(Uk)RN281736909	JOURNAL OF MODERN AFRICAN STUDIES 48(4), 663. (2010)	Sudan in Turmoil: Hassan al-Turabi and the Islamist State by J. Millard Burr and Robert O. Collins	xxk	eng	CAMBRIDGE UNIVERSTIY PRESS	2010
History_2i-rdf.tsv		736		MIDDLE EAST INTERNATIONAL	0047-7249	(Uk)RN157600288	MIDDLE EAST INTERNATIONAL 736, 21-22. (2004)	Sudan International diplomacy fails Darfur yet again as Blair pays an ineffective visit to Khartoum	xxk	eng	MIDDLE EAST INTERNATIONAL (PUBLISHERS) LTD.	2004
History_2i-rdf.tsv		755		MIDDLE EAST INTERNATIONAL	0047-7249	(Uk)RN171335873	MIDDLE EAST INTERNATIONAL 755, 24-25. (2005)	Sudan John Garang is inaugurated as first vice president as the civil war in South Sudan comes to an official end. Darfur, however, remains a major problem	xxk	eng	MIDDLE EAST INTERNATIONAL (PUBLISHERS) LTD.	2005
History_2i-rdf.tsv		756		MIDDLE EAST INTERNATIONAL	0047-7249	(Uk)RN172028700	MIDDLE EAST INTERNATIONAL 756, 17-18. (2005)	Sudan John Garang's death leaves an immediate vacuum at the heart of the Southern leadership	xxk	eng	MIDDLE EAST INTERNATIONAL (PUBLISHERS) LTD.	2005
History_4i-rdf.tsv		738		MIDDLE EAST INTERNATIONAL	0047-7249	(Uk)RN159303004	MIDDLE EAST INTERNATIONAL 738, 22. (2004)	Sudan Khartoum once again manages to avoid a diplomatic confrontation	xxk	eng	MIDDLE EAST INTERNATIONAL (PUBLISHERS) LTD.	2004
History_2v-rdf.tsv	Mahmoud, M. E.-T.		64	AFRICAN STUDIES -LEWISTON-		(Uk)RN126325745	AFRICAN STUDIES -LEWISTON- 64, 1-54. (2002)	Sudan Law and Human Rights Norms	xxu	eng	EDWIN MELLEN PRESS	2002
History_2v-rdf.tsv	Hamad, B.		22	HISTORY IN AFRICA	0361-5413	(Uk)RN017013993	HISTORY IN AFRICA 22, 239-270. (1995)	Sudan Notes and Records and Sudanese Nationalism, 1918-1956	xxu	eng	THE AFRICAN STUDIES ASSOCIATION	1995
History_4i-rdf.tsv		4295		WEST AFRICA	0043-2962	(Uk)RN102229370	WEST AFRICA 4295, 28. (2001)	Sudan oil company doing well	xxk	eng		2001
History_1b-rdf.tsv	Williamson, R.S.	736	110	CURRENT HISTORY -NEW YORK THEN PHILADELPHIA-	0011-3530	(Uk)RN290279778	CURRENT HISTORY -NEW YORK THEN PHILADELPHIA- 110(736), 171-176. (2011)	Sudan on the Cusp: Southern Sudan is set to become an independent nation in July	xxu	eng	CURRENT HISTORY	2011
History_4i-rdf.tsv		717		MIDDLE EAST INTERNATIONAL	0047-7249	(Uk)RN143895530	MIDDLE EAST INTERNATIONAL 717, 21. (2004)	Sudan Peace in the South could mean war in the west - and east	xxk	eng	MIDDLE EAST INTERNATIONAL (PUBLISHERS) LTD.	2004
History_4i-rdf.tsv		694		MIDDLE EAST INTERNATIONAL	0047-7249	(Uk)RN126759873	MIDDLE EAST INTERNATIONAL 694, 23. (2003)	Sudan Peace talks are in jeopardy as a humanitarian crisis threatens to engulf Western Upper Nile	xxk	eng	MIDDLE EAST INTERNATIONAL (PUBLISHERS) LTD.	2003
History_2i-rdf.tsv		726		MIDDLE EAST INTERNATIONAL	0047-7249	(Uk)RN150624915	MIDDLE EAST INTERNATIONAL 726, 25-26. (2004)	Sudan Peace talks inch forward in Naivasha, but the situation in Darfur continues to spiral towards disaster	xxk	eng	MIDDLE EAST INTERNATIONAL (PUBLISHERS) LTD.	2004
History_2i-rdf.tsv		616		MIDDLE EAST INTERNATIONAL	0047-7249	(Uk)RN072798430	MIDDLE EAST INTERNATIONAL 616, 18-19. (2000)	Sudan President Bashir's moves against Turabi are unlikely to produce much change in government policy, and have failed to impress the opposition	xxk	eng	MIDDLE EAST INTERNATIONAL (PUBLISHERS) LTD.	2000
History_2i-rdf.tsv		740		MIDDLE EAST INTERNATIONAL	0047-7249	(Uk)RN160837821	MIDDLE EAST INTERNATIONAL 740, 21-22. (2004)	Sudan Promises of a peace deal by the end of the year appear optimistic as talks look set to collapse again	xxk	eng	MIDDLE EAST INTERNATIONAL (PUBLISHERS) LTD.	2004
History_4i-rdf.tsv		706		MIDDLE EAST INTERNATIONAL	0047-7249	(Uk)RN135537849	MIDDLE EAST INTERNATIONAL 706, 21. (2003)	Sudan Rebels make further gains in Darfur as the Machakos process hangs in the balance	xxk	eng	MIDDLE EAST INTERNATIONAL (PUBLISHERS) LTD.	2003
History_1a-rdf.tsv	Rone, J.	12	59	WORLD TODAY	0043-9134	(Uk)RN140927740	WORLD TODAY -LONDON- OXFORD UNIVERSITY PRESS THEN THE ROYAL INSTITUTE OF INTERNATIONAL AFFAIRS- 59(12), 25-27	SUDAN Rebels, Religion and Oil	xxk	eng		
History_4i-rdf.tsv		622		MIDDLE EAST INTERNATIONAL	0047-7249	(Uk)RN076546113	MIDDLE EAST INTERNATIONAL 622, 20. (2000)	Sudan Sadeq is isolated from the Umma as battles rage in the east	xxk	eng	MIDDLE EAST INTERNATIONAL (PUBLISHERS) LTD.	2000
History_1a-rdf.tsv	Vines, A.	10	60	WORLD TODAY	0043-9134	(Uk)RN156351737	WORLD TODAY -LONDON- OXFORD UNIVERSITY PRESS THEN THE ROYAL INSTITUTE OF INTERNATIONAL AFFAIRS- 60(10), 24-25	SUDAN Seeking Sanctions	xxk	eng		
History_4i-rdf.tsv		582		MIDDLE EAST INTERNATIONAL	0047-7249	(Uk)RN049484367	MIDDLE EAST INTERNATIONAL 582, 4. (1998)	Sudan seizes the high ground	xxk	eng	MIDDLE EAST INTERNATIONAL (PUBLISHERS) LTD.	1998
History_4i-rdf.tsv	Moszynki, P.	710		MIDDLE EAST INTERNATIONAL	0047-7249	(Uk)RN138716684	MIDDLE EAST INTERNATIONAL 710, 22. (2003)	Sudan Talks at Naivasha offer new hope on security arrangements under a comprehensive peace deal	xxk	eng	MIDDLE EAST INTERNATIONAL (PUBLISHERS) LTD.	2003
History_2i-rdf.tsv		754		MIDDLE EAST INTERNATIONAL	0047-7249	(Uk)RN170686583	MIDDLE EAST INTERNATIONAL 754, 21-21. (2005)	Sudan The adoption of a new constitutional framework is overshadowed by the continuing violence and widespread hunger	xxk	eng	MIDDLE EAST INTERNATIONAL (PUBLISHERS) LTD.	2005
History_4i-rdf.tsv		725		MIDDLE EAST INTERNATIONAL	0047-7249	(Uk)RN149861243	MIDDLE EAST INTERNATIONAL 725, 21. (2004)	Sudan The continuing agony of Darfur	xxk	eng	MIDDLE EAST INTERNATIONAL (PUBLISHERS) LTD.	2004
History_4i-rdf.tsv		641		MIDDLE EAST INTERNATIONAL	0047-7249	(Uk)RN089649791	MIDDLE EAST INTERNATIONAL 641, 13. (2001)	Sudan The elections were a sham, the peace process is stalled, the opposition is frustrated, but Khartoum's regional standing grows ever stronger	xxk	eng	MIDDLE EAST INTERNATIONAL (PUBLISHERS) LTD.	2001
History_2i-rdf.tsv		752		MIDDLE EAST INTERNATIONAL	0047-7249	(Uk)RN169215273	MIDDLE EAST INTERNATIONAL 752, 16-17. (2005)	Sudan The gathering conflict in eastern Sudan escalates as 15 are killed and five kidnapped by a coalition of rebel groups from east and west	xxk	eng	MIDDLE EAST INTERNATIONAL (PUBLISHERS) LTD.	2005
History_2i-rdf.tsv		739		MIDDLE EAST INTERNATIONAL	0047-7249	(Uk)RN160182604	MIDDLE EAST INTERNATIONAL 739, 18-19. (2004)	Sudan The government breaks its promises in Darfur as the Security Council climbs down on its threat of sanctions	xxk	eng	MIDDLE EAST INTERNATIONAL (PUBLISHERS) LTD.	2004
History_4i-rdf.tsv		693		MIDDLE EAST INTERNATIONAL	0047-7249	(Uk)RN126170282	MIDDLE EAST INTERNATIONAL 693, 16. (2003)	Sudan The government offensive in the oilfields intensifies as concern grows over drought	xxk	eng	MIDDLE EAST INTERNATIONAL (PUBLISHERS) LTD.	2003
History_4i-rdf.tsv		686		MIDDLE EAST INTERNATIONAL	0047-7249	(Uk)RN121193772	MIDDLE EAST INTERNATIONAL 686, 25. (2002)	Sudan The latest cease-fire lasts all of ten minutes. President Bush signs the Sudan Peace Act	xxk	eng	MIDDLE EAST INTERNATIONAL (PUBLISHERS) LTD.	2002
History_4i-rdf.tsv		705		MIDDLE EAST INTERNATIONAL	0047-7249	(Uk)RN134950802	MIDDLE EAST INTERNATIONAL 705, 21. (2003)	Sudan The Machakos talks are on the brink of final collapse. If war resumes in the South, aid agencies warn of catastrophe	xxk	eng	MIDDLE EAST INTERNATIONAL (PUBLISHERS) LTD.	2003
History_4i-rdf.tsv		700		MIDDLE EAST INTERNATIONAL	0047-7249	(Uk)RN131183884	MIDDLE EAST INTERNATIONAL 700, 22. (2003)	Sudan The Machakos talks reopen but the government continues to deploy military assets in the oil-producing areas	xxk	eng	MIDDLE EAST INTERNATIONAL (PUBLISHERS) LTD.	2003
History_2i-rdf.tsv		719		MIDDLE EAST INTERNATIONAL	0047-7249	(Uk)RN145407404	MIDDLE EAST INTERNATIONAL 719, 19-20. (2004)	Sudan The mounting humanitarian disaster in Darfur threatens progress on talks to end the civil war in the South	xxk	eng	MIDDLE EAST INTERNATIONAL (PUBLISHERS) LTD.	2004
History_2i-rdf.tsv		757		MIDDLE EAST INTERNATIONAL	0047-7249	(Uk)RN173613203	MIDDLE EAST INTERNATIONAL 757, 20-21. (2005)	Sudan The new vice president offers more inclusivity than his predecessor	xxk	eng	MIDDLE EAST INTERNATIONAL (PUBLISHERS) LTD.	2005
History_4i-rdf.tsv		711		MIDDLE EAST INTERNATIONAL	0047-7249	(Uk)RN139447424	MIDDLE EAST INTERNATIONAL 711, 20. (2003)	Sudan The ongoing peace talks enter a crucial stage. Despite international optimism, key issues remain unresolved	xxk	eng	MIDDLE EAST INTERNATIONAL (PUBLISHERS) LTD.	2003
History_4i-rdf.tsv		742		MIDDLE EAST INTERNATIONAL	0047-7249	(Uk)RN162132750	MIDDLE EAST INTERNATIONAL 742, 20. (2005)	Sudan The peace agreement struggles to keep up with the ever-changing reality on the ground as the conflict rages in Darfur	xxk	eng	MIDDLE EAST INTERNATIONAL (PUBLISHERS) LTD.	2005
History_4i-rdf.tsv		696		MIDDLE EAST INTERNATIONAL	0047-7249	(Uk)RN128240664	MIDDLE EAST INTERNATIONAL 696, 25. (2003)	Sudan The peace process rumbles on. But no real progress is made in the negotiations	xxk	eng	MIDDLE EAST INTERNATIONAL (PUBLISHERS) LTD.	2003
History_2i-rdf.tsv		702		MIDDLE EAST INTERNATIONAL	0047-7249	(Uk)RN132577675	MIDDLE EAST INTERNATIONAL 702, 17-18. (2003)	Sudan The peace talks break down again after little progress. Are there too many bridges left to cross?	xxk	eng	MIDDLE EAST INTERNATIONAL (PUBLISHERS) LTD.	2003
History_4i-rdf.tsv		618		MIDDLE EAST INTERNATIONAL	0047-7249	(Uk)RN073878056	MIDDLE EAST INTERNATIONAL 618, 17. (2000)	Sudan The regime loses a key Southern ally	xxk	eng	MIDDLE EAST INTERNATIONAL (PUBLISHERS) LTD.	2000
History_4i-rdf.tsv		731		MIDDLE EAST INTERNATIONAL	0047-7249	(Uk)RN154183915	MIDDLE EAST INTERNATIONAL 731, 18. (2004)	Sudan The Security Council finally agrees on a resolution that implicitly threatens sanctions, but it is unclear whether Khartoum is either willing or able to comply	xxk	eng	MIDDLE EAST INTERNATIONAL (PUBLISHERS) LTD.	2004
History_2i-rdf.tsv		727		MIDDLE EAST INTERNATIONAL	0047-7249	(Uk)RN151072870	MIDDLE EAST INTERNATIONAL 727, 16-17. (2004)	Sudan The spectre of disaster unfolding in Darfur overshadows Sudan's latest milestones on the road to peace	xxk	eng	MIDDLE EAST INTERNATIONAL (PUBLISHERS) LTD.	2004
History_2i-rdf.tsv		683		MIDDLE EAST INTERNATIONAL	0047-7249	(Uk)RN119090830	MIDDLE EAST INTERNATIONAL 683, 19-20. (2002)	Sudan The SPLA takes Torit, the government walks out of the peace talks in Kenya. And Turabi is back in jail	xxk	eng	MIDDLE EAST INTERNATIONAL (PUBLISHERS) LTD.	2002
History_4i-rdf.tsv		621		MIDDLE EAST INTERNATIONAL	0047-7249	(Uk)RN075716503	MIDDLE EAST INTERNATIONAL 621, 17. (2000)	Sudan The Umma party quits the opposition alliance, causing both dismay and relief	xxk	eng	MIDDLE EAST INTERNATIONAL (PUBLISHERS) LTD.	2000
History_2i-rdf.tsv		747		MIDDLE EAST INTERNATIONAL	0047-7249	(Uk)RN165606034	MIDDLE EAST INTERNATIONAL 747, 15-16. (2005)	Sudan The UN agrees to send peace-keepers in support of the North-South peace process while tensions increase in the east and west	xxk	eng	MIDDLE EAST INTERNATIONAL (PUBLISHERS) LTD.	2005
History_4i-rdf.tsv		728		MIDDLE EAST INTERNATIONAL	0047-7249	(Uk)RN153704830	MIDDLE EAST INTERNATIONAL 728, 22. (2004)	Sudan The UN and Washington seek to raise the pressure on Khartoum as concern grows over its complicity in Darfur's unfolding humanitarian disaster	xxk	eng	MIDDLE EAST INTERNATIONAL (PUBLISHERS) LTD.	2004
History_4i-rdf.tsv		631		MIDDLE EAST INTERNATIONAL	0047-7249	(Uk)RN082601028	MIDDLE EAST INTERNATIONAL 631, 16. (2000)	Sudan The UN suspends aid operations in the South. The opposition calls for dialogue with the regime then appears to change its mind	xxk	eng	MIDDLE EAST INTERNATIONAL (PUBLISHERS) LTD.	2000
History_4i-rdf.tsv		671		MIDDLE EAST INTERNATIONAL	0047-7249	(Uk)RN110415620	MIDDLE EAST INTERNATIONAL 671, 25. (2002)	Sudan The US resumes its dialogue with Khartoum despite revelations of further assaults on civilians in the South	xxk	eng	MIDDLE EAST INTERNATIONAL (PUBLISHERS) LTD.	2002
History_2i-rdf.tsv		649		MIDDLE EAST INTERNATIONAL	0047-7249	(Uk)RN095074110	MIDDLE EAST INTERNATIONAL 649, 16-17. (2001)	Sudan With rumblings of interest in the country heard in Washington, signs of movement are dtected in the IGAD process	xxk	eng	MIDDLE EAST INTERNATIONAL (PUBLISHERS) LTD.	2001
History_4i-rdf.tsv		658		MIDDLE EAST INTERNATIONAL	0047-7249	(Uk)RN101623099	MIDDLE EAST INTERNATIONAL 658, 22. (2001)	Sudan With the IGAD process again in crisis, the Egyptian-Libyan initiative gains a new lease of life, and the US appoints a new envoy	xxk	eng	MIDDLE EAST INTERNATIONAL (PUBLISHERS) LTD.	2001
History_1b-rdf.tsv	Warburg, G.	1	48	MIDDLE EASTERN STUDIES	0026-3206	(Uk)RN306982392	MIDDLE EASTERN STUDIES 48(1), 139-141. (2012)	Sudan&#xa0;-&#xa0;No Easy Ways Ahead	xxk	eng	Taylor & Francis	2012
